encoder,case,arm,seed,test_mae,best_epoch,lr,n_params
gotennet,crysmtm:HOMO,pretrained,42,0.001860372576809,64,0.0001,288257
gotennet,crysmtm:HOMO,pretrained,123,0.0020825954945853,58,0.0001,288257
gotennet,crysmtm:HOMO,pretrained,456,0.0033183222831641,35,0.0001,288257
gotennet,crysmtm:HOMO,scratch,42,0.0056059467787921,28,0.0001,288257
gotennet,crysmtm:HOMO,scratch,123,0.0032759383818023,95,0.0001,288257
gotennet,crysmtm:HOMO,scratch,456,0.0023029388236436,95,0.0001,288257
gotennet,crysmtm:LUMO,pretrained,42,0.0015713611103257,30,0.0001,288257
gotennet,crysmtm:LUMO,pretrained,123,0.0031256858886695,44,0.0001,288257
gotennet,crysmtm:LUMO,pretrained,456,0.0026206313125651,46,0.0001,288257
gotennet,crysmtm:LUMO,scratch,42,0.0022044142142121,77,0.0001,288257
gotennet,crysmtm:LUMO,scratch,123,0.0013167467914919,99,0.0001,288257
gotennet,crysmtm:LUMO,scratch,456,0.0028569500174304,45,0.0001,288257
gotennet,md17:aspirin,pretrained,42,4.605716547012329,49,0.0001,288257
gotennet,md17:aspirin,pretrained,123,4.459196342468262,50,0.0001,288257
gotennet,md17:aspirin,pretrained,456,4.7105186004638675,5,0.0001,288257
gotennet,md17:aspirin,scratch,42,4.5995966300964355,49,0.0001,288257
gotennet,md17:aspirin,scratch,123,4.705705585479737,11,0.0001,288257
gotennet,md17:aspirin,scratch,456,4.646827529907227,50,0.0001,288257
gotennet,md17:benzene,pretrained,42,1.1278811073303223,50,0.0001,288257
gotennet,md17:benzene,pretrained,123,1.2263963966369629,49,0.0001,288257
gotennet,md17:benzene,pretrained,456,0.9428400793075562,44,0.0001,288257
gotennet,md17:benzene,scratch,42,1.8351808853149416,6,0.0001,288257
gotennet,md17:benzene,scratch,123,1.8591067314147949,18,0.0001,288257
gotennet,md17:benzene,scratch,456,1.4444566268920898,48,0.0001,288257
gotennet,md17:ethanol,pretrained,42,3.044137344360351,50,0.0001,288257
gotennet,md17:ethanol,pretrained,123,2.3589974193573,47,0.0001,288257
gotennet,md17:ethanol,pretrained,456,2.4611499404907224,43,0.0001,288257
gotennet,md17:ethanol,scratch,42,2.1658300771713255,50,0.0001,288257
gotennet,md17:ethanol,scratch,123,3.2879289302825927,15,0.0001,288257
gotennet,md17:ethanol,scratch,456,2.72103959274292,50,0.0001,288257
gotennet,qm9:gap,pretrained,42,0.0833334511995315,48,0.0001,288257
gotennet,qm9:gap,pretrained,123,0.0834728501081466,50,0.0001,288257
gotennet,qm9:gap,pretrained,456,0.0871873675584793,48,0.0001,288257
gotennet,qm9:gap,scratch,42,0.0803008386611938,45,0.0001,288257
gotennet,qm9:gap,scratch,123,0.0777936432361602,49,0.0001,288257
gotennet,qm9:gap,scratch,456,0.0791660516262054,48,0.0001,288257
gotennet,qm9:homo,pretrained,42,0.0507013179540634,50,0.0001,288257
gotennet,qm9:homo,pretrained,123,0.0515005471229553,47,0.0001,288257
gotennet,qm9:homo,pretrained,456,0.0538811498880386,47,0.0001,288257
gotennet,qm9:homo,scratch,42,0.0500321743011474,48,0.0001,288257
gotennet,qm9:homo,scratch,123,0.0502365072011947,48,0.0001,288257
gotennet,qm9:homo,scratch,456,0.0509523419618606,47,0.0001,288257
gotennet,qm9:lumo,pretrained,42,0.0445716875493526,50,0.0001,288257
gotennet,qm9:lumo,pretrained,123,0.0459267747282981,48,0.0001,288257
gotennet,qm9:lumo,pretrained,456,0.048130591827631,50,0.0001,288257
gotennet,qm9:lumo,scratch,42,0.0450406408786773,48,0.0001,288257
gotennet,qm9:lumo,scratch,123,0.0420902451097965,49,0.0001,288257
gotennet,qm9:lumo,scratch,456,0.0453374060332775,49,0.0001,288257
schnet,crysmtm:HOMO,pretrained,42,0.0121100031956265,24,0.0001,266593
schnet,crysmtm:HOMO,pretrained,123,0.0115697434520085,40,0.0001,266593
schnet,crysmtm:HOMO,pretrained,456,0.0153430486423034,54,0.0001,266593
schnet,crysmtm:HOMO,scratch,42,0.0280008473619053,32,0.0001,266593
schnet,crysmtm:HOMO,scratch,123,0.0274885419213061,27,0.0001,266593
schnet,crysmtm:HOMO,scratch,456,0.0218112822430824,72,0.0001,266593
schnet,crysmtm:LUMO,pretrained,42,0.0095403173161972,57,0.0001,266593
schnet,crysmtm:LUMO,pretrained,123,0.0077102936850191,56,0.0001,266593
schnet,crysmtm:LUMO,pretrained,456,0.0064631513027317,69,0.0001,266593
schnet,crysmtm:LUMO,scratch,42,0.0230345197282043,24,0.0001,266593
schnet,crysmtm:LUMO,scratch,123,0.0159075385919586,68,0.0001,266593
schnet,crysmtm:LUMO,scratch,456,0.0519698923740543,9,0.0001,266593
schnet,md17:aspirin,pretrained,42,3.5489158363342286,39,0.0001,266593
schnet,md17:aspirin,pretrained,123,3.3115317573547363,50,0.0001,266593
schnet,md17:aspirin,pretrained,456,3.4441880264282227,25,0.0001,266593
schnet,md17:aspirin,scratch,42,3.4696257610321046,36,0.0001,266593
schnet,md17:aspirin,scratch,123,3.5742118377685546,47,0.0001,266593
schnet,md17:aspirin,scratch,456,3.492901840209961,38,0.0001,266593
schnet,md17:benzene,pretrained,42,0.8135610122680664,50,0.0001,266593
schnet,md17:benzene,pretrained,123,0.7075226092338562,43,0.0001,266593
schnet,md17:benzene,pretrained,456,0.7253206248283386,41,0.0001,266593
schnet,md17:benzene,scratch,42,0.9075629205703736,44,0.0001,266593
schnet,md17:benzene,scratch,123,0.7756931920051575,46,0.0001,266593
schnet,md17:benzene,scratch,456,0.8432720532417297,43,0.0001,266593
schnet,md17:ethanol,pretrained,42,1.640094362258911,44,0.0001,266593
schnet,md17:ethanol,pretrained,123,1.3224223899841308,47,0.0001,266593
schnet,md17:ethanol,pretrained,456,1.4065730724334715,49,0.0001,266593
schnet,md17:ethanol,scratch,42,1.5154036026000977,48,0.0001,266593
schnet,md17:ethanol,scratch,123,1.2455984535217286,43,0.0001,266593
schnet,md17:ethanol,scratch,456,1.3058650331497192,46,0.0001,266593
schnet,qm9:gap,pretrained,42,0.0951842031478881,50,0.0001,266593
schnet,qm9:gap,pretrained,123,0.1037560669660568,47,0.0001,266593
schnet,qm9:gap,pretrained,456,0.1004248601675033,50,0.0001,266593
schnet,qm9:gap,scratch,42,0.1119584629774093,42,0.0001,266593
schnet,qm9:gap,scratch,123,0.1151154813289642,50,0.0001,266593
schnet,qm9:gap,scratch,456,0.1197056912899017,47,0.0001,266593
schnet,qm9:homo,pretrained,42,0.0776779613018035,41,0.0001,266593
schnet,qm9:homo,pretrained,123,0.0757439284801483,48,0.0001,266593
schnet,qm9:homo,pretrained,456,0.0766188435554504,49,0.0001,266593
schnet,qm9:homo,scratch,42,0.089806185054779,42,0.0001,266593
schnet,qm9:homo,scratch,123,0.0868435976982116,50,0.0001,266593
schnet,qm9:homo,scratch,456,0.0797189376115799,50,0.0001,266593
schnet,qm9:lumo,pretrained,42,0.0577110451638698,49,0.0001,266593
schnet,qm9:lumo,pretrained,123,0.063133924305439,50,0.0001,266593
schnet,qm9:lumo,pretrained,456,0.0586763632655143,50,0.0001,266593
schnet,qm9:lumo,scratch,42,0.0722996422767639,45,0.0001,266593
schnet,qm9:lumo,scratch,123,0.073034592616558,48,0.0001,266593
schnet,qm9:lumo,scratch,456,0.0690130145311355,48,0.0001,266593
